<?xml version="1.0" encoding="UTF-8"?><application id="Application_ID" version="1.4" xmlns="http://java.sun.com/xml/ns/j2ee" xmlns:xsi="http://www.w3.org/2001/XMLSchema-instance" xsi:schemaLocation="http://java.sun.com/xml/ns/j2ee http://java.sun.com/xml/ns/j2ee/application_1_4.xsd">
	<display-name>
	BFEQWorkflowEAR</display-name>
	<module id="WebModule_1242834870449">
		<web>
			<web-uri>BFEQWorkflow.war</web-uri>
			<context-root>BFEQWorkflow</context-root>
		</web>
	</module>
<security-role id="SecurityRoleCustomClientUser">
        <description>Custom Client User</description>
        <role-name>CustomClientUser</role-name>
    </security-role>
</application>