<?xml version="1.0" encoding="UTF-8"?>
<application id="Application_ID" version="1.4" xmlns="http://java.sun.com/xml/ns/j2ee" xmlns:xsi="http://www.w3.org/2001/XMLSchema-instance" xsi:schemaLocation="http://java.sun.com/xml/ns/j2ee http://java.sun.com/xml/ns/j2ee/application_1_4.xsd">
	<display-name>
	BFEQSoapMediatorApp</display-name>
	<module id="EjbModule_1169158408425">
		<ejb>BFEQSoapMediatorEJB.jar</ejb>
	</module>
	<module id="WebModule_1242741579783">
		<web>
			<web-uri>BFEQSoapMediatorWeb.war</web-uri>
			<context-root>BFEQSoapMediatorWeb</context-root>
		</web>
	</module>
</application>
