<?xml version="1.0" encoding="UTF-8"?><java-wsdl-mapping version="1.1" xmlns="http://java.sun.com/xml/ns/j2ee" xmlns:xsi="http://www.w3.org/2001/XMLSchema-instance" xsi:schemaLocation="http://java.sun.com/xml/ns/j2ee http://www.ibm.com/webservices/xsd/j2ee_jaxrpc_mapping_1_1.xsd">
    <package-mapping>
        <package-type>BfEqCustomer</package-type>
        <namespaceURI>http://BfEqCustomer</namespaceURI>
    </package-mapping>
    <package-mapping>
        <package-type>com.misys.www</package-type>
        <namespaceURI>http://www.misys.com/eq4/service/header</namespaceURI>
    </package-mapping>
    <package-mapping>
        <package-type>com.misys.www</package-type>
        <namespaceURI>http://www.misys.com/eq4/service/ydc</namespaceURI>
    </package-mapping>
    <package-mapping>
        <package-type>com.misys.www</package-type>
        <namespaceURI>http://www.misys.com/eq4/service/ycc</namespaceURI>
    </package-mapping>
    <package-mapping>
        <package-type>com.misys.www</package-type>
        <namespaceURI>http://www.misys.com/eq4/service/yac</namespaceURI>
    </package-mapping>
    <package-mapping>
        <package-type>com.trapedza.bankfusion.webservices</package-type>
        <namespaceURI>http://webservices.bankfusion.trapedza.com</namespaceURI>
    </package-mapping>
    <package-mapping>
        <package-type>BfEqCustomer</package-type>
        <namespaceURI>http://BfEqCustomer/Binding</namespaceURI>
    </package-mapping>
    <java-xml-type-mapping>
        <java-type>javax.xml.soap.SOAPElement</java-type>
        <anonymous-type-qname>http://www.misys.com/eq4/service/ycc:&gt;YCC&gt;CPNC</anonymous-type-qname>
        <qname-scope>simpleType</qname-scope>
    </java-xml-type-mapping>
    <java-xml-type-mapping>
        <java-type>javax.xml.soap.SOAPElement</java-type>
        <anonymous-type-qname>http://www.misys.com/eq4/service/header:&gt;FunctionHeader&gt;userId</anonymous-type-qname>
        <qname-scope>simpleType</qname-scope>
    </java-xml-type-mapping>
    <java-xml-type-mapping>
        <java-type>javax.xml.soap.SOAPElement</java-type>
        <root-type-qname xmlns:rtq="http://webservices.bankfusion.trapedza.com">rtq:YACRequestType</root-type-qname>
        <qname-scope>complexType</qname-scope>
    </java-xml-type-mapping>
    <java-xml-type-mapping>
        <java-type>javax.xml.soap.SOAPElement</java-type>
        <anonymous-type-qname>http://webservices.bankfusion.trapedza.com:&gt;authentication</anonymous-type-qname>
        <qname-scope>complexType</qname-scope>
    </java-xml-type-mapping>
    <java-xml-type-mapping>
        <java-type>javax.xml.soap.SOAPElement</java-type>
        <root-type-qname xmlns:rtq="http://webservices.bankfusion.trapedza.com">rtq:YCCResponseType</root-type-qname>
        <qname-scope>complexType</qname-scope>
    </java-xml-type-mapping>
    <java-xml-type-mapping>
        <java-type>javax.xml.soap.SOAPElement</java-type>
        <anonymous-type-qname>http://www.misys.com/eq4/service/header:&gt;FunctionHeader&gt;password</anonymous-type-qname>
        <qname-scope>simpleType</qname-scope>
    </java-xml-type-mapping>
    <java-xml-type-mapping>
        <java-type>javax.xml.soap.SOAPElement</java-type>
        <anonymous-type-qname>http://www.misys.com/eq4/service/yac:&gt;YAC&gt;ANC_CUN</anonymous-type-qname>
        <qname-scope>simpleType</qname-scope>
    </java-xml-type-mapping>
    <java-xml-type-mapping>
        <java-type>javax.xml.soap.SOAPElement</java-type>
        <root-type-qname xmlns:rtq="http://webservices.bankfusion.trapedza.com">rtq:YCCRequestType</root-type-qname>
        <qname-scope>complexType</qname-scope>
    </java-xml-type-mapping>
    <java-xml-type-mapping>
        <java-type>javax.xml.soap.SOAPElement</java-type>
        <root-type-qname xmlns:rtq="http://webservices.bankfusion.trapedza.com">rtq:YDCRequestType</root-type-qname>
        <qname-scope>complexType</qname-scope>
    </java-xml-type-mapping>
    <java-xml-type-mapping>
        <java-type>javax.xml.soap.SOAPElement</java-type>
        <anonymous-type-qname>http://www.misys.com/eq4/service/header:&gt;FunctionHeader&gt;adminUserId</anonymous-type-qname>
        <qname-scope>simpleType</qname-scope>
    </java-xml-type-mapping>
    <java-xml-type-mapping>
        <java-type>javax.xml.soap.SOAPElement</java-type>
        <anonymous-type-qname>http://www.misys.com/eq4/service/ydc:&gt;YDC&gt;CDD_CPNC</anonymous-type-qname>
        <qname-scope>simpleType</qname-scope>
    </java-xml-type-mapping>
    <java-xml-type-mapping>
        <java-type>javax.xml.soap.SOAPElement</java-type>
        <anonymous-type-qname>http://www.misys.com/eq4/service/header:&gt;FunctionHeader&gt;errors</anonymous-type-qname>
        <qname-scope>simpleType</qname-scope>
    </java-xml-type-mapping>
    <java-xml-type-mapping>
        <java-type>javax.xml.soap.SOAPElement</java-type>
        <anonymous-type-qname>http://www.misys.com/eq4/service/header:&gt;FunctionHeader&gt;systemId</anonymous-type-qname>
        <qname-scope>simpleType</qname-scope>
    </java-xml-type-mapping>
    <java-xml-type-mapping>
        <java-type>javax.xml.soap.SOAPElement</java-type>
        <anonymous-type-qname>http://www.misys.com/eq4/service/yac:&gt;YAC&gt;CAA_PZIP</anonymous-type-qname>
        <qname-scope>simpleType</qname-scope>
    </java-xml-type-mapping>
    <java-xml-type-mapping>
        <java-type>javax.xml.soap.SOAPElement</java-type>
        <anonymous-type-qname>http://www.misys.com/eq4/service/yac:&gt;YAC&gt;ANC_CPNC</anonymous-type-qname>
        <qname-scope>simpleType</qname-scope>
    </java-xml-type-mapping>
    <java-xml-type-mapping>
        <java-type>javax.xml.soap.SOAPElement</java-type>
        <anonymous-type-qname>http://www.misys.com/eq4/service/ycc:&gt;YCC&gt;NAME</anonymous-type-qname>
        <qname-scope>simpleType</qname-scope>
    </java-xml-type-mapping>
    <java-xml-type-mapping>
        <java-type>javax.xml.soap.SOAPElement</java-type>
        <anonymous-type-qname>http://www.misys.com/eq4/service/yac:&gt;YAC&gt;CAA_CSA</anonymous-type-qname>
        <qname-scope>simpleType</qname-scope>
    </java-xml-type-mapping>
    <java-xml-type-mapping>
        <java-type>javax.xml.soap.SOAPElement</java-type>
        <anonymous-type-qname>http://www.misys.com/eq4/service/header:&gt;FunctionHeader&gt;sessionId</anonymous-type-qname>
        <qname-scope>simpleType</qname-scope>
    </java-xml-type-mapping>
    <java-xml-type-mapping>
        <java-type>javax.xml.soap.SOAPElement</java-type>
        <root-type-qname xmlns:rtq="http://webservices.bankfusion.trapedza.com">rtq:YACResponse</root-type-qname>
        <qname-scope>element</qname-scope>
    </java-xml-type-mapping>
    <java-xml-type-mapping>
        <java-type>javax.xml.soap.SOAPElement</java-type>
        <root-type-qname xmlns:rtq="http://www.misys.com/eq4/service/ydc">rtq:YDC</root-type-qname>
        <qname-scope>complexType</qname-scope>
    </java-xml-type-mapping>
    <java-xml-type-mapping>
        <java-type>javax.xml.soap.SOAPElement</java-type>
        <anonymous-type-qname>http://www.misys.com/eq4/service/yac:&gt;YAC&gt;CAA_PHN</anonymous-type-qname>
        <qname-scope>simpleType</qname-scope>
    </java-xml-type-mapping>
    <java-xml-type-mapping>
        <java-type>javax.xml.soap.SOAPElement</java-type>
        <anonymous-type-qname>http://www.misys.com/eq4/service/yac:&gt;YAC&gt;CAA_NA4</anonymous-type-qname>
        <qname-scope>simpleType</qname-scope>
    </java-xml-type-mapping>
    <java-xml-type-mapping>
        <java-type>javax.xml.soap.SOAPElement</java-type>
        <anonymous-type-qname>http://www.misys.com/eq4/service/yac:&gt;YAC&gt;CAA_NA5</anonymous-type-qname>
        <qname-scope>simpleType</qname-scope>
    </java-xml-type-mapping>
    <java-xml-type-mapping>
        <java-type>javax.xml.soap.SOAPElement</java-type>
        <anonymous-type-qname>http://www.misys.com/eq4/service/yac:&gt;YAC&gt;CAA_NA2</anonymous-type-qname>
        <qname-scope>simpleType</qname-scope>
    </java-xml-type-mapping>
    <java-xml-type-mapping>
        <java-type>javax.xml.soap.SOAPElement</java-type>
        <anonymous-type-qname>http://www.misys.com/eq4/service/yac:&gt;YAC&gt;CAA_NA3</anonymous-type-qname>
        <qname-scope>simpleType</qname-scope>
    </java-xml-type-mapping>
    <java-xml-type-mapping>
        <java-type>javax.xml.soap.SOAPElement</java-type>
        <anonymous-type-qname>http://www.misys.com/eq4/service/yac:&gt;YAC&gt;CAA_NA1</anonymous-type-qname>
        <qname-scope>simpleType</qname-scope>
    </java-xml-type-mapping>
    <java-xml-type-mapping>
        <java-type>javax.xml.soap.SOAPElement</java-type>
        <root-type-qname xmlns:rtq="http://www.w3.org/2001/XMLSchema">rtq:string</root-type-qname>
        <qname-scope>simpleType</qname-scope>
    </java-xml-type-mapping>
    <java-xml-type-mapping>
        <java-type>javax.xml.soap.SOAPElement</java-type>
        <root-type-qname xmlns:rtq="http://webservices.bankfusion.trapedza.com">rtq:YACResponseType</root-type-qname>
        <qname-scope>complexType</qname-scope>
    </java-xml-type-mapping>
    <java-xml-type-mapping>
        <java-type>javax.xml.soap.SOAPElement</java-type>
        <anonymous-type-qname>http://www.misys.com/eq4/service/yac:&gt;YAC&gt;ANX_EAD1</anonymous-type-qname>
        <qname-scope>simpleType</qname-scope>
    </java-xml-type-mapping>
    <java-xml-type-mapping>
        <java-type>javax.xml.soap.SOAPElement</java-type>
        <root-type-qname xmlns:rtq="http://webservices.bankfusion.trapedza.com">rtq:authentication</root-type-qname>
        <qname-scope>element</qname-scope>
    </java-xml-type-mapping>
    <java-xml-type-mapping>
        <java-type>javax.xml.soap.SOAPElement</java-type>
        <root-type-qname xmlns:rtq="http://webservices.bankfusion.trapedza.com">rtq:YDCResponse</root-type-qname>
        <qname-scope>element</qname-scope>
    </java-xml-type-mapping>
    <java-xml-type-mapping>
        <java-type>javax.xml.soap.SOAPElement</java-type>
        <root-type-qname xmlns:rtq="http://www.misys.com/eq4/service/header">rtq:FunctionHeader</root-type-qname>
        <qname-scope>complexType</qname-scope>
    </java-xml-type-mapping>
    <java-xml-type-mapping>
        <java-type>javax.xml.soap.SOAPElement</java-type>
        <anonymous-type-qname>http://www.misys.com/eq4/service/header:&gt;FunctionHeader&gt;optionId</anonymous-type-qname>
        <qname-scope>simpleType</qname-scope>
    </java-xml-type-mapping>
    <java-xml-type-mapping>
        <java-type>javax.xml.soap.SOAPElement</java-type>
        <anonymous-type-qname>http://www.misys.com/eq4/service/yac:&gt;YAC&gt;ANC_DAS</anonymous-type-qname>
        <qname-scope>simpleType</qname-scope>
    </java-xml-type-mapping>
    <java-xml-type-mapping>
        <java-type>javax.xml.soap.SOAPElement</java-type>
        <anonymous-type-qname>http://www.misys.com/eq4/service/header:&gt;FunctionHeader&gt;adminPassword</anonymous-type-qname>
        <qname-scope>simpleType</qname-scope>
    </java-xml-type-mapping>
    <java-xml-type-mapping>
        <java-type>javax.xml.soap.SOAPElement</java-type>
        <root-type-qname xmlns:rtq="http://webservices.bankfusion.trapedza.com">rtq:YCCRequest</root-type-qname>
        <qname-scope>element</qname-scope>
    </java-xml-type-mapping>
    <java-xml-type-mapping>
        <java-type>javax.xml.soap.SOAPElement</java-type>
        <root-type-qname xmlns:rtq="http://webservices.bankfusion.trapedza.com">rtq:YDCRequest</root-type-qname>
        <qname-scope>element</qname-scope>
    </java-xml-type-mapping>
    <java-xml-type-mapping>
        <java-type>javax.xml.soap.SOAPElement</java-type>
        <root-type-qname xmlns:rtq="http://webservices.bankfusion.trapedza.com">rtq:YACRequest</root-type-qname>
        <qname-scope>element</qname-scope>
    </java-xml-type-mapping>
    <java-xml-type-mapping>
        <java-type>javax.xml.soap.SOAPElement</java-type>
        <root-type-qname xmlns:rtq="http://webservices.bankfusion.trapedza.com">rtq:YDCResponseType</root-type-qname>
        <qname-scope>complexType</qname-scope>
    </java-xml-type-mapping>
    <java-xml-type-mapping>
        <java-type>javax.xml.soap.SOAPElement</java-type>
        <anonymous-type-qname>http://www.misys.com/eq4/service/header:&gt;FunctionHeader&gt;unitId</anonymous-type-qname>
        <qname-scope>simpleType</qname-scope>
    </java-xml-type-mapping>
    <java-xml-type-mapping>
        <java-type>javax.xml.soap.SOAPElement</java-type>
        <root-type-qname xmlns:rtq="http://webservices.bankfusion.trapedza.com">rtq:YCCResponse</root-type-qname>
        <qname-scope>element</qname-scope>
    </java-xml-type-mapping>
    <java-xml-type-mapping>
        <java-type>javax.xml.soap.SOAPElement</java-type>
        <root-type-qname xmlns:rtq="http://www.misys.com/eq4/service/ycc">rtq:YCC</root-type-qname>
        <qname-scope>complexType</qname-scope>
    </java-xml-type-mapping>
    <java-xml-type-mapping>
        <java-type>javax.xml.soap.SOAPElement</java-type>
        <root-type-qname xmlns:rtq="http://www.misys.com/eq4/service/yac">rtq:YAC</root-type-qname>
        <qname-scope>complexType</qname-scope>
    </java-xml-type-mapping>
    <service-interface-mapping>
        <service-interface>BfEqCustomer.BfEqCustomer</service-interface>
        <wsdl-service-name xmlns:sim="http://BfEqCustomer">sim:BfEqCustomer</wsdl-service-name>
        <port-mapping>
            <port-name>BfEqCustomerPort</port-name>
            <java-port-name>BfEqCustomerPort</java-port-name>
        </port-mapping>
    </service-interface-mapping>
    <service-endpoint-interface-mapping>
<service-endpoint-interface>com.ibm.wsspi.sca.webservice.ejb.WebServiceRemote</service-endpoint-interface>
        <wsdl-port-type xmlns:seimwpt="http://BfEqCustomer">seimwpt:BfEqCustomerPortType</wsdl-port-type>
        <wsdl-binding xmlns:seimwb="http://BfEqCustomer">seimwb:BfEqCustomerSoapBinding</wsdl-binding>
        <service-endpoint-method-mapping>
<java-method-name>invoke</java-method-name>
            <wsdl-operation>YDC</wsdl-operation>
            <method-param-parts-mapping>
                <param-position>0</param-position>
                <param-type>javax.xml.soap.SOAPElement</param-type>
                <wsdl-message-mapping>
                    <wsdl-message xmlns:mppm="http://BfEqCustomer">mppm:YDCRequest</wsdl-message>
                    <wsdl-message-part-name>YDCRequest</wsdl-message-part-name>
                    <parameter-mode>IN</parameter-mode>
                </wsdl-message-mapping>
            </method-param-parts-mapping>
            <method-param-parts-mapping>
                <param-position>1</param-position>
                <param-type>javax.xml.soap.SOAPElement</param-type>
                <wsdl-message-mapping>
                    <wsdl-message xmlns:mppm="http://BfEqCustomer">mppm:YDCRequest</wsdl-message>
                    <wsdl-message-part-name>authentication</wsdl-message-part-name>
                    <parameter-mode>IN</parameter-mode>
                </wsdl-message-mapping>
            </method-param-parts-mapping>
            <wsdl-return-value-mapping>
                <method-return-value>javax.xml.soap.SOAPElement</method-return-value>
                <wsdl-message xmlns:wrvm="http://BfEqCustomer">wrvm:YDCResponse</wsdl-message>
                <wsdl-message-part-name>YDCResponse</wsdl-message-part-name>
            </wsdl-return-value-mapping>
        </service-endpoint-method-mapping>
        <service-endpoint-method-mapping>
<java-method-name>invoke</java-method-name>
            <wsdl-operation>YCC</wsdl-operation>
            <method-param-parts-mapping>
                <param-position>0</param-position>
                <param-type>javax.xml.soap.SOAPElement</param-type>
                <wsdl-message-mapping>
                    <wsdl-message xmlns:mppm="http://BfEqCustomer">mppm:YCCRequest</wsdl-message>
                    <wsdl-message-part-name>YCCRequest</wsdl-message-part-name>
                    <parameter-mode>IN</parameter-mode>
                </wsdl-message-mapping>
            </method-param-parts-mapping>
            <method-param-parts-mapping>
                <param-position>1</param-position>
                <param-type>javax.xml.soap.SOAPElement</param-type>
                <wsdl-message-mapping>
                    <wsdl-message xmlns:mppm="http://BfEqCustomer">mppm:YCCRequest</wsdl-message>
                    <wsdl-message-part-name>authentication</wsdl-message-part-name>
                    <parameter-mode>IN</parameter-mode>
                </wsdl-message-mapping>
            </method-param-parts-mapping>
            <wsdl-return-value-mapping>
                <method-return-value>javax.xml.soap.SOAPElement</method-return-value>
                <wsdl-message xmlns:wrvm="http://BfEqCustomer">wrvm:YCCResponse</wsdl-message>
                <wsdl-message-part-name>YCCResponse</wsdl-message-part-name>
            </wsdl-return-value-mapping>
        </service-endpoint-method-mapping>
        <service-endpoint-method-mapping>
<java-method-name>invoke</java-method-name>
            <wsdl-operation>YAC</wsdl-operation>
            <method-param-parts-mapping>
                <param-position>0</param-position>
                <param-type>javax.xml.soap.SOAPElement</param-type>
                <wsdl-message-mapping>
                    <wsdl-message xmlns:mppm="http://BfEqCustomer">mppm:YACRequest</wsdl-message>
                    <wsdl-message-part-name>YACRequest</wsdl-message-part-name>
                    <parameter-mode>IN</parameter-mode>
                </wsdl-message-mapping>
            </method-param-parts-mapping>
            <method-param-parts-mapping>
                <param-position>1</param-position>
                <param-type>javax.xml.soap.SOAPElement</param-type>
                <wsdl-message-mapping>
                    <wsdl-message xmlns:mppm="http://BfEqCustomer">mppm:YACRequest</wsdl-message>
                    <wsdl-message-part-name>authentication</wsdl-message-part-name>
                    <parameter-mode>IN</parameter-mode>
                </wsdl-message-mapping>
            </method-param-parts-mapping>
            <wsdl-return-value-mapping>
                <method-return-value>javax.xml.soap.SOAPElement</method-return-value>
                <wsdl-message xmlns:wrvm="http://BfEqCustomer">wrvm:YACResponse</wsdl-message>
                <wsdl-message-part-name>YACResponse</wsdl-message-part-name>
            </wsdl-return-value-mapping>
        </service-endpoint-method-mapping>
    </service-endpoint-interface-mapping>
    <service-interface-mapping>
        <service-interface>BfEqCustomer.BfEqCustomerPortTypeExport1_BfEqCustomerPortTypeHttpService</service-interface>
        <wsdl-service-name xmlns:sim="http://BfEqCustomer/Binding">sim:BfEqCustomerPortTypeExport1_BfEqCustomerPortTypeHttpService</wsdl-service-name>
        <port-mapping>
            <port-name>BfEqCustomerPortTypeExport1_BfEqCustomerPortTypeHttpPort</port-name>
            <java-port-name>BfEqCustomerPortTypeExport1_BfEqCustomerPortTypeHttpPort</java-port-name>
        </port-mapping>
    </service-interface-mapping>
    <service-endpoint-interface-mapping>
<service-endpoint-interface>com.ibm.wsspi.sca.webservice.ejb.WebServiceRemote</service-endpoint-interface>
        <wsdl-port-type xmlns:seimwpt="http://BfEqCustomer">seimwpt:BfEqCustomerPortType</wsdl-port-type>
        <wsdl-binding xmlns:seimwb="http://BfEqCustomer/Binding">seimwb:BfEqCustomerPortTypeExport1_BfEqCustomerPortTypeHttpBinding</wsdl-binding>
        <service-endpoint-method-mapping>
<java-method-name>invoke</java-method-name>
            <wsdl-operation>YDC</wsdl-operation>
            <method-param-parts-mapping>
                <param-position>0</param-position>
                <param-type>javax.xml.soap.SOAPElement</param-type>
                <wsdl-message-mapping>
                    <wsdl-message xmlns:mppm="http://BfEqCustomer">mppm:YDCRequest</wsdl-message>
                    <wsdl-message-part-name>YDCRequest</wsdl-message-part-name>
                    <parameter-mode>IN</parameter-mode>
                </wsdl-message-mapping>
            </method-param-parts-mapping>
            <method-param-parts-mapping>
                <param-position>1</param-position>
                <param-type>javax.xml.soap.SOAPElement</param-type>
                <wsdl-message-mapping>
                    <wsdl-message xmlns:mppm="http://BfEqCustomer">mppm:YDCRequest</wsdl-message>
                    <wsdl-message-part-name>authentication</wsdl-message-part-name>
                    <parameter-mode>IN</parameter-mode>
                </wsdl-message-mapping>
            </method-param-parts-mapping>
            <wsdl-return-value-mapping>
                <method-return-value>javax.xml.soap.SOAPElement</method-return-value>
                <wsdl-message xmlns:wrvm="http://BfEqCustomer">wrvm:YDCResponse</wsdl-message>
                <wsdl-message-part-name>YDCResponse</wsdl-message-part-name>
            </wsdl-return-value-mapping>
        </service-endpoint-method-mapping>
        <service-endpoint-method-mapping>
<java-method-name>invoke</java-method-name>
            <wsdl-operation>YCC</wsdl-operation>
            <method-param-parts-mapping>
                <param-position>0</param-position>
                <param-type>javax.xml.soap.SOAPElement</param-type>
                <wsdl-message-mapping>
                    <wsdl-message xmlns:mppm="http://BfEqCustomer">mppm:YCCRequest</wsdl-message>
                    <wsdl-message-part-name>YCCRequest</wsdl-message-part-name>
                    <parameter-mode>IN</parameter-mode>
                </wsdl-message-mapping>
            </method-param-parts-mapping>
            <method-param-parts-mapping>
                <param-position>1</param-position>
                <param-type>javax.xml.soap.SOAPElement</param-type>
                <wsdl-message-mapping>
                    <wsdl-message xmlns:mppm="http://BfEqCustomer">mppm:YCCRequest</wsdl-message>
                    <wsdl-message-part-name>authentication</wsdl-message-part-name>
                    <parameter-mode>IN</parameter-mode>
                </wsdl-message-mapping>
            </method-param-parts-mapping>
            <wsdl-return-value-mapping>
                <method-return-value>javax.xml.soap.SOAPElement</method-return-value>
                <wsdl-message xmlns:wrvm="http://BfEqCustomer">wrvm:YCCResponse</wsdl-message>
                <wsdl-message-part-name>YCCResponse</wsdl-message-part-name>
            </wsdl-return-value-mapping>
        </service-endpoint-method-mapping>
        <service-endpoint-method-mapping>
<java-method-name>invoke</java-method-name>
            <wsdl-operation>YAC</wsdl-operation>
            <method-param-parts-mapping>
                <param-position>0</param-position>
                <param-type>javax.xml.soap.SOAPElement</param-type>
                <wsdl-message-mapping>
                    <wsdl-message xmlns:mppm="http://BfEqCustomer">mppm:YACRequest</wsdl-message>
                    <wsdl-message-part-name>YACRequest</wsdl-message-part-name>
                    <parameter-mode>IN</parameter-mode>
                </wsdl-message-mapping>
            </method-param-parts-mapping>
            <method-param-parts-mapping>
                <param-position>1</param-position>
                <param-type>javax.xml.soap.SOAPElement</param-type>
                <wsdl-message-mapping>
                    <wsdl-message xmlns:mppm="http://BfEqCustomer">mppm:YACRequest</wsdl-message>
                    <wsdl-message-part-name>authentication</wsdl-message-part-name>
                    <parameter-mode>IN</parameter-mode>
                </wsdl-message-mapping>
            </method-param-parts-mapping>
            <wsdl-return-value-mapping>
                <method-return-value>javax.xml.soap.SOAPElement</method-return-value>
                <wsdl-message xmlns:wrvm="http://BfEqCustomer">wrvm:YACResponse</wsdl-message>
                <wsdl-message-part-name>YACResponse</wsdl-message-part-name>
            </wsdl-return-value-mapping>
        </service-endpoint-method-mapping>
    </service-endpoint-interface-mapping>
</java-wsdl-mapping>
