<?xml version="1.0" encoding="UTF-8"?><java-wsdl-mapping version="1.1" xmlns="http://java.sun.com/xml/ns/j2ee" xmlns:xsi="http://www.w3.org/2001/XMLSchema-instance" xsi:schemaLocation="http://java.sun.com/xml/ns/j2ee http://www.ibm.com/webservices/xsd/j2ee_jaxrpc_mapping_1_1.xsd">
    <package-mapping>
        <package-type>BFEQAccOrigination</package-type>
        <namespaceURI>http://BFEQAccOrigination</namespaceURI>
    </package-mapping>
    <package-mapping>
        <package-type>BFEQAccOrigination</package-type>
        <namespaceURI>http://BFEQAccOrigination/InitiateAccApplication</namespaceURI>
    </package-mapping>
    <package-mapping>
        <package-type>BFEQAccOrigination</package-type>
        <namespaceURI>http://BFEQAccOrigination/InitiateAccApplication/Binding</namespaceURI>
    </package-mapping>
    <java-xml-type-mapping>
        <java-type>javax.xml.soap.SOAPElement</java-type>
        <anonymous-type-qname>http://BFEQAccOrigination/InitiateAccApplication:&gt;startAccountApplication</anonymous-type-qname>
        <qname-scope>complexType</qname-scope>
    </java-xml-type-mapping>
    <java-xml-type-mapping>
        <java-type>javax.xml.soap.SOAPElement</java-type>
        <anonymous-type-qname>http://BFEQAccOrigination:&gt;AcctOpeningDetail&gt;ANC_CPNC</anonymous-type-qname>
        <qname-scope>simpleType</qname-scope>
    </java-xml-type-mapping>
    <java-xml-type-mapping>
        <java-type>javax.xml.soap.SOAPElement</java-type>
        <root-type-qname xmlns:rtq="http://BFEQAccOrigination/InitiateAccApplication">rtq:startAccountApplication</root-type-qname>
        <qname-scope>element</qname-scope>
    </java-xml-type-mapping>
    <java-xml-type-mapping>
        <java-type>javax.xml.soap.SOAPElement</java-type>
        <anonymous-type-qname>http://BFEQAccOrigination:&gt;AcctOpeningDetail&gt;CAA_PZIP</anonymous-type-qname>
        <qname-scope>simpleType</qname-scope>
    </java-xml-type-mapping>
    <java-xml-type-mapping>
        <java-type>javax.xml.soap.SOAPElement</java-type>
        <anonymous-type-qname>http://BFEQAccOrigination/InitiateAccApplication:&gt;continueApplication</anonymous-type-qname>
        <qname-scope>complexType</qname-scope>
    </java-xml-type-mapping>
    <java-xml-type-mapping>
        <java-type>javax.xml.soap.SOAPElement</java-type>
        <anonymous-type-qname>http://BFEQAccOrigination:&gt;AcctOpeningAmountDetail&gt;applicationID</anonymous-type-qname>
        <qname-scope>simpleType</qname-scope>
    </java-xml-type-mapping>
    <java-xml-type-mapping>
        <java-type>javax.xml.soap.SOAPElement</java-type>
        <root-type-qname xmlns:rtq="http://www.w3.org/2001/XMLSchema">rtq:string</root-type-qname>
        <qname-scope>simpleType</qname-scope>
    </java-xml-type-mapping>
    <java-xml-type-mapping>
        <java-type>javax.xml.soap.SOAPElement</java-type>
        <root-type-qname xmlns:rtq="http://BFEQAccOrigination/InitiateAccApplication">rtq:continueApplication</root-type-qname>
        <qname-scope>element</qname-scope>
    </java-xml-type-mapping>
    <java-xml-type-mapping>
        <java-type>javax.xml.soap.SOAPElement</java-type>
        <anonymous-type-qname>http://BFEQAccOrigination:&gt;AcctOpeningDetail&gt;CAA_NA5</anonymous-type-qname>
        <qname-scope>simpleType</qname-scope>
    </java-xml-type-mapping>
    <java-xml-type-mapping>
        <java-type>javax.xml.soap.SOAPElement</java-type>
        <anonymous-type-qname>http://BFEQAccOrigination:&gt;AcctOpeningDetail&gt;ANX_EAD1</anonymous-type-qname>
        <qname-scope>simpleType</qname-scope>
    </java-xml-type-mapping>
    <java-xml-type-mapping>
        <java-type>javax.xml.soap.SOAPElement</java-type>
        <anonymous-type-qname>http://BFEQAccOrigination:&gt;AcctOpeningDetail&gt;ANC_CUN</anonymous-type-qname>
        <qname-scope>simpleType</qname-scope>
    </java-xml-type-mapping>
    <java-xml-type-mapping>
        <java-type>javax.xml.soap.SOAPElement</java-type>
        <root-type-qname xmlns:rtq="http://BFEQAccOrigination/InitiateAccApplication">rtq:startAccountApplicationResponse</root-type-qname>
        <qname-scope>element</qname-scope>
    </java-xml-type-mapping>
    <java-xml-type-mapping>
        <java-type>javax.xml.soap.SOAPElement</java-type>
        <anonymous-type-qname>http://BFEQAccOrigination:&gt;AcctOpeningDetail&gt;CAA_PHN</anonymous-type-qname>
        <qname-scope>simpleType</qname-scope>
    </java-xml-type-mapping>
    <java-xml-type-mapping>
        <java-type>javax.xml.soap.SOAPElement</java-type>
        <root-type-qname xmlns:rtq="http://BFEQAccOrigination">rtq:AcctOpeningDetail</root-type-qname>
        <qname-scope>complexType</qname-scope>
    </java-xml-type-mapping>
    <java-xml-type-mapping>
        <java-type>javax.xml.soap.SOAPElement</java-type>
        <anonymous-type-qname>http://BFEQAccOrigination/InitiateAccApplication:&gt;continueApplicationResponse</anonymous-type-qname>
        <qname-scope>complexType</qname-scope>
    </java-xml-type-mapping>
    <java-xml-type-mapping>
        <java-type>javax.xml.soap.SOAPElement</java-type>
        <anonymous-type-qname>http://BFEQAccOrigination:&gt;AcctOpeningDetail&gt;CAA_NA1</anonymous-type-qname>
        <qname-scope>simpleType</qname-scope>
    </java-xml-type-mapping>
    <java-xml-type-mapping>
        <java-type>javax.xml.soap.SOAPElement</java-type>
        <root-type-qname xmlns:rtq="http://BFEQAccOrigination/InitiateAccApplication">rtq:continueApplicationResponse</root-type-qname>
        <qname-scope>element</qname-scope>
    </java-xml-type-mapping>
    <java-xml-type-mapping>
        <java-type>javax.xml.soap.SOAPElement</java-type>
        <anonymous-type-qname>http://BFEQAccOrigination:&gt;AcctOpeningDetail&gt;CAA_NA2</anonymous-type-qname>
        <qname-scope>simpleType</qname-scope>
    </java-xml-type-mapping>
    <java-xml-type-mapping>
        <java-type>javax.xml.soap.SOAPElement</java-type>
        <anonymous-type-qname>http://BFEQAccOrigination:&gt;AcctOpeningDetail&gt;CAA_NA3</anonymous-type-qname>
        <qname-scope>simpleType</qname-scope>
    </java-xml-type-mapping>
    <java-xml-type-mapping>
        <java-type>javax.xml.soap.SOAPElement</java-type>
        <anonymous-type-qname>http://BFEQAccOrigination/InitiateAccApplication:&gt;startAccountApplicationResponse</anonymous-type-qname>
        <qname-scope>complexType</qname-scope>
    </java-xml-type-mapping>
    <java-xml-type-mapping>
        <java-type>javax.xml.soap.SOAPElement</java-type>
        <anonymous-type-qname>http://BFEQAccOrigination:&gt;AcctOpeningDetail&gt;CAA_NA4</anonymous-type-qname>
        <qname-scope>simpleType</qname-scope>
    </java-xml-type-mapping>
    <java-xml-type-mapping>
        <java-type>javax.xml.soap.SOAPElement</java-type>
        <anonymous-type-qname>http://BFEQAccOrigination:&gt;AcctOpeningDetail&gt;OCA_CCY</anonymous-type-qname>
        <qname-scope>simpleType</qname-scope>
    </java-xml-type-mapping>
    <java-xml-type-mapping>
        <java-type>javax.xml.soap.SOAPElement</java-type>
        <anonymous-type-qname>http://BFEQAccOrigination:&gt;AcctOpeningAmountDetail&gt;amount</anonymous-type-qname>
        <qname-scope>simpleType</qname-scope>
    </java-xml-type-mapping>
    <java-xml-type-mapping>
        <java-type>javax.xml.soap.SOAPElement</java-type>
        <anonymous-type-qname>http://BFEQAccOrigination:&gt;AcctOpeningDetail&gt;ANC_DAS</anonymous-type-qname>
        <qname-scope>simpleType</qname-scope>
    </java-xml-type-mapping>
    <java-xml-type-mapping>
        <java-type>javax.xml.soap.SOAPElement</java-type>
        <root-type-qname xmlns:rtq="http://BFEQAccOrigination">rtq:AcctOpeningAmountDetail</root-type-qname>
        <qname-scope>complexType</qname-scope>
    </java-xml-type-mapping>
    <java-xml-type-mapping>
        <java-type>javax.xml.soap.SOAPElement</java-type>
        <anonymous-type-qname>http://BFEQAccOrigination:&gt;AcctOpeningDetail&gt;CAA_CSA</anonymous-type-qname>
        <qname-scope>simpleType</qname-scope>
    </java-xml-type-mapping>
    <service-interface-mapping>
        <service-interface>BFEQAccOrigination.InitiateAccApplicationExport_InitiateAccApplicationHttpService</service-interface>
        <wsdl-service-name xmlns:sim="http://BFEQAccOrigination/InitiateAccApplication/Binding">sim:InitiateAccApplicationExport_InitiateAccApplicationHttpService</wsdl-service-name>
        <port-mapping>
            <port-name>InitiateAccApplicationExport_InitiateAccApplicationHttpPort</port-name>
            <java-port-name>InitiateAccApplicationExport_InitiateAccApplicationHttpPort</java-port-name>
        </port-mapping>
    </service-interface-mapping>
    <service-endpoint-interface-mapping>
<service-endpoint-interface>com.ibm.wsspi.sca.webservice.ejb.WebServiceRemote</service-endpoint-interface>
        <wsdl-port-type xmlns:seimwpt="http://BFEQAccOrigination/InitiateAccApplication">seimwpt:InitiateAccApplication</wsdl-port-type>
        <wsdl-binding xmlns:seimwb="http://BFEQAccOrigination/InitiateAccApplication/Binding">seimwb:InitiateAccApplicationExport_InitiateAccApplicationHttpBinding</wsdl-binding>
        <service-endpoint-method-mapping>
<java-method-name>invoke</java-method-name>
            <wsdl-operation>continueApplication</wsdl-operation>
            <method-param-parts-mapping>
                <param-position>0</param-position>
                <param-type>javax.xml.soap.SOAPElement</param-type>
                <wsdl-message-mapping>
                    <wsdl-message xmlns:mppm="http://BFEQAccOrigination/InitiateAccApplication">mppm:continueApplicationRequestMsg</wsdl-message>
                    <wsdl-message-part-name>continueApplicationParameters</wsdl-message-part-name>
                    <parameter-mode>IN</parameter-mode>
                </wsdl-message-mapping>
            </method-param-parts-mapping>
            <wsdl-return-value-mapping>
                <method-return-value>javax.xml.soap.SOAPElement</method-return-value>
                <wsdl-message xmlns:wrvm="http://BFEQAccOrigination/InitiateAccApplication">wrvm:continueApplicationResponseMsg</wsdl-message>
                <wsdl-message-part-name>continueApplicationResult</wsdl-message-part-name>
            </wsdl-return-value-mapping>
        </service-endpoint-method-mapping>
        <service-endpoint-method-mapping>
<java-method-name>invoke</java-method-name>
            <wsdl-operation>startAccountApplication</wsdl-operation>
            <method-param-parts-mapping>
                <param-position>0</param-position>
                <param-type>javax.xml.soap.SOAPElement</param-type>
                <wsdl-message-mapping>
                    <wsdl-message xmlns:mppm="http://BFEQAccOrigination/InitiateAccApplication">mppm:startAccountApplicationRequestMsg</wsdl-message>
                    <wsdl-message-part-name>startAccountApplicationParameters</wsdl-message-part-name>
                    <parameter-mode>IN</parameter-mode>
                </wsdl-message-mapping>
            </method-param-parts-mapping>
            <wsdl-return-value-mapping>
                <method-return-value>javax.xml.soap.SOAPElement</method-return-value>
                <wsdl-message xmlns:wrvm="http://BFEQAccOrigination/InitiateAccApplication">wrvm:startAccountApplicationResponseMsg</wsdl-message>
                <wsdl-message-part-name>startAccountApplicationResult</wsdl-message-part-name>
            </wsdl-return-value-mapping>
        </service-endpoint-method-mapping>
    </service-endpoint-interface-mapping>
</java-wsdl-mapping>
