<?xml version="1.0" encoding="UTF-8"?><java-wsdl-mapping version="1.1" xmlns="http://java.sun.com/xml/ns/j2ee" xmlns:xsi="http://www.w3.org/2001/XMLSchema-instance" xsi:schemaLocation="http://java.sun.com/xml/ns/j2ee http://www.ibm.com/webservices/xsd/j2ee_jaxrpc_mapping_1_1.xsd">
    <package-mapping>
        <package-type>com.misys.www</package-type>
        <namespaceURI>http://www.misys.com/eq4/service/yco</namespaceURI>
    </package-mapping>
    <package-mapping>
        <package-type>com.misys.www</package-type>
        <namespaceURI>http://www.misys.com/eq4/service/yda</namespaceURI>
    </package-mapping>
    <package-mapping>
        <package-type>BfEqAccount</package-type>
        <namespaceURI>http://BfEqAccount/Binding</namespaceURI>
    </package-mapping>
    <package-mapping>
        <package-type>com.misys.www</package-type>
        <namespaceURI>http://www.misys.com/eq4/service/yca</namespaceURI>
    </package-mapping>
    <package-mapping>
        <package-type>com.misys.www</package-type>
        <namespaceURI>http://www.misys.com/eq4/service/header</namespaceURI>
    </package-mapping>
    <package-mapping>
        <package-type>com.misys.www</package-type>
        <namespaceURI>http://www.misys.com/eq4/service/yoa</namespaceURI>
    </package-mapping>
    <package-mapping>
        <package-type>com.trapedza.bankfusion.webservices</package-type>
        <namespaceURI>http://webservices.bankfusion.trapedza.com</namespaceURI>
    </package-mapping>
    <package-mapping>
        <package-type>BfEqAccount</package-type>
        <namespaceURI>http://BfEqAccount</namespaceURI>
    </package-mapping>
    <java-xml-type-mapping>
        <java-type>javax.xml.soap.SOAPElement</java-type>
        <root-type-qname xmlns:rtq="http://webservices.bankfusion.trapedza.com">rtq:YOAResponseType</root-type-qname>
        <qname-scope>complexType</qname-scope>
    </java-xml-type-mapping>
    <java-xml-type-mapping>
        <java-type>javax.xml.soap.SOAPElement</java-type>
        <root-type-qname xmlns:rtq="http://webservices.bankfusion.trapedza.com">rtq:YCORequestType</root-type-qname>
        <qname-scope>complexType</qname-scope>
    </java-xml-type-mapping>
    <java-xml-type-mapping>
        <java-type>javax.xml.soap.SOAPElement</java-type>
        <root-type-qname xmlns:rtq="http://webservices.bankfusion.trapedza.com">rtq:YOARequest</root-type-qname>
        <qname-scope>element</qname-scope>
    </java-xml-type-mapping>
    <java-xml-type-mapping>
        <java-type>javax.xml.soap.SOAPElement</java-type>
        <anonymous-type-qname>http://www.misys.com/eq4/service/header:&gt;FunctionHeader&gt;userId</anonymous-type-qname>
        <qname-scope>simpleType</qname-scope>
    </java-xml-type-mapping>
    <java-xml-type-mapping>
        <java-type>javax.xml.soap.SOAPElement</java-type>
        <anonymous-type-qname>http://www.misys.com/eq4/service/yoa:&gt;YOA&gt;OCA_AS</anonymous-type-qname>
        <qname-scope>simpleType</qname-scope>
    </java-xml-type-mapping>
    <java-xml-type-mapping>
        <java-type>javax.xml.soap.SOAPElement</java-type>
        <anonymous-type-qname>http://www.misys.com/eq4/service/yoa:&gt;YOA&gt;OCA_AN</anonymous-type-qname>
        <qname-scope>simpleType</qname-scope>
    </java-xml-type-mapping>
    <java-xml-type-mapping>
        <java-type>javax.xml.soap.SOAPElement</java-type>
        <anonymous-type-qname>http://webservices.bankfusion.trapedza.com:&gt;authentication</anonymous-type-qname>
        <qname-scope>complexType</qname-scope>
    </java-xml-type-mapping>
    <java-xml-type-mapping>
        <java-type>javax.xml.soap.SOAPElement</java-type>
        <root-type-qname xmlns:rtq="http://webservices.bankfusion.trapedza.com">rtq:YCAResponseType</root-type-qname>
        <qname-scope>complexType</qname-scope>
    </java-xml-type-mapping>
    <java-xml-type-mapping>
        <java-type>javax.xml.soap.SOAPElement</java-type>
        <anonymous-type-qname>http://www.misys.com/eq4/service/header:&gt;FunctionHeader&gt;password</anonymous-type-qname>
        <qname-scope>simpleType</qname-scope>
    </java-xml-type-mapping>
    <java-xml-type-mapping>
        <java-type>javax.xml.soap.SOAPElement</java-type>
        <root-type-qname xmlns:rtq="http://www.misys.com/eq4/service/yco">rtq:YCO</root-type-qname>
        <qname-scope>complexType</qname-scope>
    </java-xml-type-mapping>
    <java-xml-type-mapping>
        <java-type>javax.xml.soap.SOAPElement</java-type>
        <anonymous-type-qname>http://www.misys.com/eq4/service/header:&gt;FunctionHeader&gt;adminUserId</anonymous-type-qname>
        <qname-scope>simpleType</qname-scope>
    </java-xml-type-mapping>
    <java-xml-type-mapping>
        <java-type>javax.xml.soap.SOAPElement</java-type>
        <anonymous-type-qname>http://www.misys.com/eq4/service/yco:&gt;YCO&gt;ACSUFFIX</anonymous-type-qname>
        <qname-scope>simpleType</qname-scope>
    </java-xml-type-mapping>
    <java-xml-type-mapping>
        <java-type>javax.xml.soap.SOAPElement</java-type>
        <root-type-qname xmlns:rtq="http://www.misys.com/eq4/service/yoa">rtq:YOA</root-type-qname>
        <qname-scope>complexType</qname-scope>
    </java-xml-type-mapping>
    <java-xml-type-mapping>
        <java-type>javax.xml.soap.SOAPElement</java-type>
        <anonymous-type-qname>http://www.misys.com/eq4/service/yda:&gt;YDA&gt;ASC_AN</anonymous-type-qname>
        <qname-scope>simpleType</qname-scope>
    </java-xml-type-mapping>
    <java-xml-type-mapping>
        <java-type>javax.xml.soap.SOAPElement</java-type>
        <anonymous-type-qname>http://www.misys.com/eq4/service/header:&gt;FunctionHeader&gt;errors</anonymous-type-qname>
        <qname-scope>simpleType</qname-scope>
    </java-xml-type-mapping>
    <java-xml-type-mapping>
        <java-type>javax.xml.soap.SOAPElement</java-type>
        <anonymous-type-qname>http://www.misys.com/eq4/service/header:&gt;FunctionHeader&gt;systemId</anonymous-type-qname>
        <qname-scope>simpleType</qname-scope>
    </java-xml-type-mapping>
    <java-xml-type-mapping>
        <java-type>javax.xml.soap.SOAPElement</java-type>
        <anonymous-type-qname>http://www.misys.com/eq4/service/yda:&gt;YDA&gt;ASC_AS</anonymous-type-qname>
        <qname-scope>simpleType</qname-scope>
    </java-xml-type-mapping>
    <java-xml-type-mapping>
        <java-type>javax.xml.soap.SOAPElement</java-type>
        <anonymous-type-qname>http://www.misys.com/eq4/service/header:&gt;FunctionHeader&gt;sessionId</anonymous-type-qname>
        <qname-scope>simpleType</qname-scope>
    </java-xml-type-mapping>
    <java-xml-type-mapping>
        <java-type>javax.xml.soap.SOAPElement</java-type>
        <root-type-qname xmlns:rtq="http://www.misys.com/eq4/service/yda">rtq:YDA</root-type-qname>
        <qname-scope>complexType</qname-scope>
    </java-xml-type-mapping>
    <java-xml-type-mapping>
        <java-type>javax.xml.soap.SOAPElement</java-type>
        <anonymous-type-qname>http://www.misys.com/eq4/service/yca:&gt;YCA&gt;CR_AN</anonymous-type-qname>
        <qname-scope>simpleType</qname-scope>
    </java-xml-type-mapping>
    <java-xml-type-mapping>
        <java-type>javax.xml.soap.SOAPElement</java-type>
        <root-type-qname xmlns:rtq="http://webservices.bankfusion.trapedza.com">rtq:YCARequest</root-type-qname>
        <qname-scope>element</qname-scope>
    </java-xml-type-mapping>
    <java-xml-type-mapping>
        <java-type>javax.xml.soap.SOAPElement</java-type>
        <root-type-qname xmlns:rtq="http://webservices.bankfusion.trapedza.com">rtq:YDARequest</root-type-qname>
        <qname-scope>element</qname-scope>
    </java-xml-type-mapping>
    <java-xml-type-mapping>
        <java-type>javax.xml.soap.SOAPElement</java-type>
        <anonymous-type-qname>http://www.misys.com/eq4/service/yca:&gt;YCA&gt;CR_AS</anonymous-type-qname>
        <qname-scope>simpleType</qname-scope>
    </java-xml-type-mapping>
    <java-xml-type-mapping>
        <java-type>javax.xml.soap.SOAPElement</java-type>
        <root-type-qname xmlns:rtq="http://webservices.bankfusion.trapedza.com">rtq:YCOResponse</root-type-qname>
        <qname-scope>element</qname-scope>
    </java-xml-type-mapping>
    <java-xml-type-mapping>
        <java-type>javax.xml.soap.SOAPElement</java-type>
        <anonymous-type-qname>http://www.misys.com/eq4/service/yca:&gt;YCA&gt;CR_NR1</anonymous-type-qname>
        <qname-scope>simpleType</qname-scope>
    </java-xml-type-mapping>
    <java-xml-type-mapping>
        <java-type>javax.xml.soap.SOAPElement</java-type>
        <anonymous-type-qname>http://www.misys.com/eq4/service/yco:&gt;YCO&gt;CUSTOMERID</anonymous-type-qname>
        <qname-scope>simpleType</qname-scope>
    </java-xml-type-mapping>
    <java-xml-type-mapping>
        <java-type>javax.xml.soap.SOAPElement</java-type>
        <root-type-qname xmlns:rtq="http://www.w3.org/2001/XMLSchema">rtq:string</root-type-qname>
        <qname-scope>simpleType</qname-scope>
    </java-xml-type-mapping>
    <java-xml-type-mapping>
        <java-type>javax.xml.soap.SOAPElement</java-type>
        <root-type-qname xmlns:rtq="http://webservices.bankfusion.trapedza.com">rtq:YDAResponse</root-type-qname>
        <qname-scope>element</qname-scope>
    </java-xml-type-mapping>
    <java-xml-type-mapping>
        <java-type>javax.xml.soap.SOAPElement</java-type>
        <root-type-qname xmlns:rtq="http://webservices.bankfusion.trapedza.com">rtq:YCARequestType</root-type-qname>
        <qname-scope>complexType</qname-scope>
    </java-xml-type-mapping>
    <java-xml-type-mapping>
        <java-type>javax.xml.soap.SOAPElement</java-type>
        <root-type-qname xmlns:rtq="http://webservices.bankfusion.trapedza.com">rtq:YDARequestType</root-type-qname>
        <qname-scope>complexType</qname-scope>
    </java-xml-type-mapping>
    <java-xml-type-mapping>
        <java-type>javax.xml.soap.SOAPElement</java-type>
        <root-type-qname xmlns:rtq="http://webservices.bankfusion.trapedza.com">rtq:YOARequestType</root-type-qname>
        <qname-scope>complexType</qname-scope>
    </java-xml-type-mapping>
    <java-xml-type-mapping>
        <java-type>javax.xml.soap.SOAPElement</java-type>
        <root-type-qname xmlns:rtq="http://webservices.bankfusion.trapedza.com">rtq:authentication</root-type-qname>
        <qname-scope>element</qname-scope>
    </java-xml-type-mapping>
    <java-xml-type-mapping>
        <java-type>javax.xml.soap.SOAPElement</java-type>
        <anonymous-type-qname>http://www.misys.com/eq4/service/yoa:&gt;YOA&gt;OCA_CCY</anonymous-type-qname>
        <qname-scope>simpleType</qname-scope>
    </java-xml-type-mapping>
    <java-xml-type-mapping>
        <java-type>javax.xml.soap.SOAPElement</java-type>
        <root-type-qname xmlns:rtq="http://webservices.bankfusion.trapedza.com">rtq:YCOResponseType</root-type-qname>
        <qname-scope>complexType</qname-scope>
    </java-xml-type-mapping>
    <java-xml-type-mapping>
        <java-type>javax.xml.soap.SOAPElement</java-type>
        <root-type-qname xmlns:rtq="http://www.misys.com/eq4/service/header">rtq:FunctionHeader</root-type-qname>
        <qname-scope>complexType</qname-scope>
    </java-xml-type-mapping>
    <java-xml-type-mapping>
        <java-type>javax.xml.soap.SOAPElement</java-type>
        <anonymous-type-qname>http://www.misys.com/eq4/service/yca:&gt;YCA&gt;CR_AMA</anonymous-type-qname>
        <qname-scope>simpleType</qname-scope>
    </java-xml-type-mapping>
    <java-xml-type-mapping>
        <java-type>javax.xml.soap.SOAPElement</java-type>
        <anonymous-type-qname>http://www.misys.com/eq4/service/header:&gt;FunctionHeader&gt;optionId</anonymous-type-qname>
        <qname-scope>simpleType</qname-scope>
    </java-xml-type-mapping>
    <java-xml-type-mapping>
        <java-type>javax.xml.soap.SOAPElement</java-type>
        <root-type-qname xmlns:rtq="http://webservices.bankfusion.trapedza.com">rtq:YOAResponse</root-type-qname>
        <qname-scope>element</qname-scope>
    </java-xml-type-mapping>
    <java-xml-type-mapping>
        <java-type>javax.xml.soap.SOAPElement</java-type>
        <root-type-qname xmlns:rtq="http://webservices.bankfusion.trapedza.com">rtq:YCORequest</root-type-qname>
        <qname-scope>element</qname-scope>
    </java-xml-type-mapping>
    <java-xml-type-mapping>
        <java-type>javax.xml.soap.SOAPElement</java-type>
        <anonymous-type-qname>http://www.misys.com/eq4/service/header:&gt;FunctionHeader&gt;adminPassword</anonymous-type-qname>
        <qname-scope>simpleType</qname-scope>
    </java-xml-type-mapping>
    <java-xml-type-mapping>
        <java-type>javax.xml.soap.SOAPElement</java-type>
        <root-type-qname xmlns:rtq="http://www.misys.com/eq4/service/yca">rtq:YCA</root-type-qname>
        <qname-scope>complexType</qname-scope>
    </java-xml-type-mapping>
    <java-xml-type-mapping>
        <java-type>javax.xml.soap.SOAPElement</java-type>
        <root-type-qname xmlns:rtq="http://webservices.bankfusion.trapedza.com">rtq:YDAResponseType</root-type-qname>
        <qname-scope>complexType</qname-scope>
    </java-xml-type-mapping>
    <java-xml-type-mapping>
        <java-type>javax.xml.soap.SOAPElement</java-type>
        <anonymous-type-qname>http://www.misys.com/eq4/service/header:&gt;FunctionHeader&gt;unitId</anonymous-type-qname>
        <qname-scope>simpleType</qname-scope>
    </java-xml-type-mapping>
    <java-xml-type-mapping>
        <java-type>javax.xml.soap.SOAPElement</java-type>
        <root-type-qname xmlns:rtq="http://webservices.bankfusion.trapedza.com">rtq:YCAResponse</root-type-qname>
        <qname-scope>element</qname-scope>
    </java-xml-type-mapping>
    <service-interface-mapping>
        <service-interface>BfEqAccount.BfEqAccount</service-interface>
        <wsdl-service-name xmlns:sim="http://BfEqAccount">sim:BfEqAccount</wsdl-service-name>
        <port-mapping>
            <port-name>BfEqAccountPort</port-name>
            <java-port-name>BfEqAccountPort</java-port-name>
        </port-mapping>
    </service-interface-mapping>
    <service-endpoint-interface-mapping>
        <service-endpoint-interface>BfEqAccount.BfEqAccountPortType</service-endpoint-interface>
        <wsdl-port-type xmlns:seimwpt="http://BfEqAccount">seimwpt:BfEqAccountPortType</wsdl-port-type>
        <wsdl-binding xmlns:seimwb="http://BfEqAccount/Binding">seimwb:BfEqAccountPortTypeExport1_BfEqAccountPortTypeHttpBinding</wsdl-binding>
        <service-endpoint-method-mapping>
            <java-method-name>YCO</java-method-name>
            <wsdl-operation>YCO</wsdl-operation>
            <method-param-parts-mapping>
                <param-position>0</param-position>
                <param-type>javax.xml.soap.SOAPElement</param-type>
                <wsdl-message-mapping>
                    <wsdl-message xmlns:mppm="http://BfEqAccount">mppm:YCORequest</wsdl-message>
                    <wsdl-message-part-name>YCORequest</wsdl-message-part-name>
                    <parameter-mode>IN</parameter-mode>
                </wsdl-message-mapping>
            </method-param-parts-mapping>
            <method-param-parts-mapping>
                <param-position>1</param-position>
                <param-type>javax.xml.soap.SOAPElement</param-type>
                <wsdl-message-mapping>
                    <wsdl-message xmlns:mppm="http://BfEqAccount">mppm:YCORequest</wsdl-message>
                    <wsdl-message-part-name>authentication</wsdl-message-part-name>
                    <parameter-mode>IN</parameter-mode>
                </wsdl-message-mapping>
            </method-param-parts-mapping>
            <wsdl-return-value-mapping>
                <method-return-value>javax.xml.soap.SOAPElement</method-return-value>
                <wsdl-message xmlns:wrvm="http://BfEqAccount">wrvm:YCOResponse</wsdl-message>
                <wsdl-message-part-name>YCOResponse</wsdl-message-part-name>
            </wsdl-return-value-mapping>
        </service-endpoint-method-mapping>
        <service-endpoint-method-mapping>
            <java-method-name>YDA</java-method-name>
            <wsdl-operation>YDA</wsdl-operation>
            <method-param-parts-mapping>
                <param-position>0</param-position>
                <param-type>javax.xml.soap.SOAPElement</param-type>
                <wsdl-message-mapping>
                    <wsdl-message xmlns:mppm="http://BfEqAccount">mppm:YDARequest</wsdl-message>
                    <wsdl-message-part-name>YDARequest</wsdl-message-part-name>
                    <parameter-mode>IN</parameter-mode>
                </wsdl-message-mapping>
            </method-param-parts-mapping>
            <method-param-parts-mapping>
                <param-position>1</param-position>
                <param-type>javax.xml.soap.SOAPElement</param-type>
                <wsdl-message-mapping>
                    <wsdl-message xmlns:mppm="http://BfEqAccount">mppm:YDARequest</wsdl-message>
                    <wsdl-message-part-name>authentication</wsdl-message-part-name>
                    <parameter-mode>IN</parameter-mode>
                </wsdl-message-mapping>
            </method-param-parts-mapping>
            <wsdl-return-value-mapping>
                <method-return-value>javax.xml.soap.SOAPElement</method-return-value>
                <wsdl-message xmlns:wrvm="http://BfEqAccount">wrvm:YDAResponse</wsdl-message>
                <wsdl-message-part-name>YDAResponse</wsdl-message-part-name>
            </wsdl-return-value-mapping>
        </service-endpoint-method-mapping>
        <service-endpoint-method-mapping>
            <java-method-name>YCA</java-method-name>
            <wsdl-operation>YCA</wsdl-operation>
            <method-param-parts-mapping>
                <param-position>0</param-position>
                <param-type>javax.xml.soap.SOAPElement</param-type>
                <wsdl-message-mapping>
                    <wsdl-message xmlns:mppm="http://BfEqAccount">mppm:YCARequest</wsdl-message>
                    <wsdl-message-part-name>YCARequest</wsdl-message-part-name>
                    <parameter-mode>IN</parameter-mode>
                </wsdl-message-mapping>
            </method-param-parts-mapping>
            <method-param-parts-mapping>
                <param-position>1</param-position>
                <param-type>javax.xml.soap.SOAPElement</param-type>
                <wsdl-message-mapping>
                    <wsdl-message xmlns:mppm="http://BfEqAccount">mppm:YCARequest</wsdl-message>
                    <wsdl-message-part-name>authentication</wsdl-message-part-name>
                    <parameter-mode>IN</parameter-mode>
                </wsdl-message-mapping>
            </method-param-parts-mapping>
            <wsdl-return-value-mapping>
                <method-return-value>javax.xml.soap.SOAPElement</method-return-value>
                <wsdl-message xmlns:wrvm="http://BfEqAccount">wrvm:YCAResponse</wsdl-message>
                <wsdl-message-part-name>YCAResponse</wsdl-message-part-name>
            </wsdl-return-value-mapping>
        </service-endpoint-method-mapping>
        <service-endpoint-method-mapping>
            <java-method-name>YOA</java-method-name>
            <wsdl-operation>YOA</wsdl-operation>
            <method-param-parts-mapping>
                <param-position>0</param-position>
                <param-type>javax.xml.soap.SOAPElement</param-type>
                <wsdl-message-mapping>
                    <wsdl-message xmlns:mppm="http://BfEqAccount">mppm:YOARequest</wsdl-message>
                    <wsdl-message-part-name>YOARequest</wsdl-message-part-name>
                    <parameter-mode>IN</parameter-mode>
                </wsdl-message-mapping>
            </method-param-parts-mapping>
            <method-param-parts-mapping>
                <param-position>1</param-position>
                <param-type>javax.xml.soap.SOAPElement</param-type>
                <wsdl-message-mapping>
                    <wsdl-message xmlns:mppm="http://BfEqAccount">mppm:YOARequest</wsdl-message>
                    <wsdl-message-part-name>authentication</wsdl-message-part-name>
                    <parameter-mode>IN</parameter-mode>
                </wsdl-message-mapping>
            </method-param-parts-mapping>
            <wsdl-return-value-mapping>
                <method-return-value>javax.xml.soap.SOAPElement</method-return-value>
                <wsdl-message xmlns:wrvm="http://BfEqAccount">wrvm:YOAResponse</wsdl-message>
                <wsdl-message-part-name>YOAResponse</wsdl-message-part-name>
            </wsdl-return-value-mapping>
        </service-endpoint-method-mapping>
    </service-endpoint-interface-mapping>
    <service-interface-mapping>
        <service-interface>BfEqAccount.BfEqAccountPortTypeExport1_BfEqAccountPortTypeHttpService</service-interface>
        <wsdl-service-name xmlns:sim="http://BfEqAccount/Binding">sim:BfEqAccountPortTypeExport1_BfEqAccountPortTypeHttpService</wsdl-service-name>
        <port-mapping>
            <port-name>BfEqAccountPortTypeExport1_BfEqAccountPortTypeHttpPort</port-name>
            <java-port-name>BfEqAccountPortTypeExport1_BfEqAccountPortTypeHttpPort</java-port-name>
        </port-mapping>
    </service-interface-mapping>
    <service-endpoint-interface-mapping>
        <service-endpoint-interface>BfEqAccount.BfEqAccountPortType</service-endpoint-interface>
        <wsdl-port-type xmlns:seimwpt="http://BfEqAccount">seimwpt:BfEqAccountPortType</wsdl-port-type>
        <wsdl-binding xmlns:seimwb="http://BfEqAccount">seimwb:BfEqAccountSoapBinding</wsdl-binding>
        <service-endpoint-method-mapping>
            <java-method-name>YCO</java-method-name>
            <wsdl-operation>YCO</wsdl-operation>
            <method-param-parts-mapping>
                <param-position>0</param-position>
                <param-type>javax.xml.soap.SOAPElement</param-type>
                <wsdl-message-mapping>
                    <wsdl-message xmlns:mppm="http://BfEqAccount">mppm:YCORequest</wsdl-message>
                    <wsdl-message-part-name>YCORequest</wsdl-message-part-name>
                    <parameter-mode>IN</parameter-mode>
                </wsdl-message-mapping>
            </method-param-parts-mapping>
            <method-param-parts-mapping>
                <param-position>1</param-position>
                <param-type>javax.xml.soap.SOAPElement</param-type>
                <wsdl-message-mapping>
                    <wsdl-message xmlns:mppm="http://BfEqAccount">mppm:YCORequest</wsdl-message>
                    <wsdl-message-part-name>authentication</wsdl-message-part-name>
                    <parameter-mode>IN</parameter-mode>
                </wsdl-message-mapping>
            </method-param-parts-mapping>
            <wsdl-return-value-mapping>
                <method-return-value>javax.xml.soap.SOAPElement</method-return-value>
                <wsdl-message xmlns:wrvm="http://BfEqAccount">wrvm:YCOResponse</wsdl-message>
                <wsdl-message-part-name>YCOResponse</wsdl-message-part-name>
            </wsdl-return-value-mapping>
        </service-endpoint-method-mapping>
        <service-endpoint-method-mapping>
            <java-method-name>YDA</java-method-name>
            <wsdl-operation>YDA</wsdl-operation>
            <method-param-parts-mapping>
                <param-position>0</param-position>
                <param-type>javax.xml.soap.SOAPElement</param-type>
                <wsdl-message-mapping>
                    <wsdl-message xmlns:mppm="http://BfEqAccount">mppm:YDARequest</wsdl-message>
                    <wsdl-message-part-name>YDARequest</wsdl-message-part-name>
                    <parameter-mode>IN</parameter-mode>
                </wsdl-message-mapping>
            </method-param-parts-mapping>
            <method-param-parts-mapping>
                <param-position>1</param-position>
                <param-type>javax.xml.soap.SOAPElement</param-type>
                <wsdl-message-mapping>
                    <wsdl-message xmlns:mppm="http://BfEqAccount">mppm:YDARequest</wsdl-message>
                    <wsdl-message-part-name>authentication</wsdl-message-part-name>
                    <parameter-mode>IN</parameter-mode>
                </wsdl-message-mapping>
            </method-param-parts-mapping>
            <wsdl-return-value-mapping>
                <method-return-value>javax.xml.soap.SOAPElement</method-return-value>
                <wsdl-message xmlns:wrvm="http://BfEqAccount">wrvm:YDAResponse</wsdl-message>
                <wsdl-message-part-name>YDAResponse</wsdl-message-part-name>
            </wsdl-return-value-mapping>
        </service-endpoint-method-mapping>
        <service-endpoint-method-mapping>
            <java-method-name>YCA</java-method-name>
            <wsdl-operation>YCA</wsdl-operation>
            <method-param-parts-mapping>
                <param-position>0</param-position>
                <param-type>javax.xml.soap.SOAPElement</param-type>
                <wsdl-message-mapping>
                    <wsdl-message xmlns:mppm="http://BfEqAccount">mppm:YCARequest</wsdl-message>
                    <wsdl-message-part-name>YCARequest</wsdl-message-part-name>
                    <parameter-mode>IN</parameter-mode>
                </wsdl-message-mapping>
            </method-param-parts-mapping>
            <method-param-parts-mapping>
                <param-position>1</param-position>
                <param-type>javax.xml.soap.SOAPElement</param-type>
                <wsdl-message-mapping>
                    <wsdl-message xmlns:mppm="http://BfEqAccount">mppm:YCARequest</wsdl-message>
                    <wsdl-message-part-name>authentication</wsdl-message-part-name>
                    <parameter-mode>IN</parameter-mode>
                </wsdl-message-mapping>
            </method-param-parts-mapping>
            <wsdl-return-value-mapping>
                <method-return-value>javax.xml.soap.SOAPElement</method-return-value>
                <wsdl-message xmlns:wrvm="http://BfEqAccount">wrvm:YCAResponse</wsdl-message>
                <wsdl-message-part-name>YCAResponse</wsdl-message-part-name>
            </wsdl-return-value-mapping>
        </service-endpoint-method-mapping>
        <service-endpoint-method-mapping>
            <java-method-name>YOA</java-method-name>
            <wsdl-operation>YOA</wsdl-operation>
            <method-param-parts-mapping>
                <param-position>0</param-position>
                <param-type>javax.xml.soap.SOAPElement</param-type>
                <wsdl-message-mapping>
                    <wsdl-message xmlns:mppm="http://BfEqAccount">mppm:YOARequest</wsdl-message>
                    <wsdl-message-part-name>YOARequest</wsdl-message-part-name>
                    <parameter-mode>IN</parameter-mode>
                </wsdl-message-mapping>
            </method-param-parts-mapping>
            <method-param-parts-mapping>
                <param-position>1</param-position>
                <param-type>javax.xml.soap.SOAPElement</param-type>
                <wsdl-message-mapping>
                    <wsdl-message xmlns:mppm="http://BfEqAccount">mppm:YOARequest</wsdl-message>
                    <wsdl-message-part-name>authentication</wsdl-message-part-name>
                    <parameter-mode>IN</parameter-mode>
                </wsdl-message-mapping>
            </method-param-parts-mapping>
            <wsdl-return-value-mapping>
                <method-return-value>javax.xml.soap.SOAPElement</method-return-value>
                <wsdl-message xmlns:wrvm="http://BfEqAccount">wrvm:YOAResponse</wsdl-message>
                <wsdl-message-part-name>YOAResponse</wsdl-message-part-name>
            </wsdl-return-value-mapping>
        </service-endpoint-method-mapping>
    </service-endpoint-interface-mapping>
</java-wsdl-mapping>