<?xml version="1.0" encoding="UTF-8"?>
<!DOCTYPE faces-config PUBLIC "-//Sun Microsystems, Inc.//DTD JavaServer Faces Config 1.1//EN" "http://java.sun.com/dtd/web-facesconfig_1_1.dtd">
<faces-config>
	<application>
		<state-manager>com.ibm.faces.application.DevelopmentStateManager</state-manager>
		<property-resolver>com.ibm.faces.databind.SelectItemsPropResolver</property-resolver>
		<variable-resolver>com.ibm.faces.databind.SelectItemsVarResolver</variable-resolver>
	</application>
	<factory>
		<faces-context-factory>com.ibm.faces.context.AjaxFacesContextFactory</faces-context-factory>
		<render-kit-factory>com.ibm.faces.renderkit.AjaxRenderKitFactory</render-kit-factory>
	</factory>
	<lifecycle>
		<phase-listener>com.ibm.faces.webapp.ValueResourcePhaseListener</phase-listener>
	</lifecycle>



<!-- 

Sample program for use with the Product
Licensed Materials  - Property of IBM 
5724-I66
(c) Copyright IBM Corp.  2006, 2009
   
-->

	<!-- 
	 	 ========================== Function Block Business Cases ===============================
	 -->
	<!-- 
		MessageHandler for Business Cases Create
	-->
	<managed-bean> 
		<managed-bean-name>bcCreateMessageHandler</managed-bean-name> 
		<managed-bean-class>com.ibm.wbit.tel.client.jsf.handler.BCCreateMessageHandler</managed-bean-class> 
		<managed-bean-scope>session</managed-bean-scope> 
		
		<managed-property>
			<property-name>subviewMap</property-name>
			<map-entries> 				
			</map-entries> 
		</managed-property> 
		
		<managed-property>
			<property-name>componentNamespaces</property-name>
			<map-entries> 				
			</map-entries> 
		</managed-property> 

		
		<managed-property>
			<property-name>taskIDs</property-name>
			<map-entries> 				
			</map-entries> 
		</managed-property> 		
	</managed-bean>
	
	<!-- 
		Handler for Business Cases Check
	-->

	
	<managed-bean> 
		<managed-bean-name>bcCheckHandler</managed-bean-name> 
		<managed-bean-class>com.ibm.wbit.tel.client.jsf.handler.BCCheckHandler</managed-bean-class> 
		<managed-bean-scope>session</managed-bean-scope> 
		
		<managed-property>
			<property-name>subviewMap</property-name>
			<map-entries> 				
			</map-entries> 
		</managed-property> 
	</managed-bean>

	<!-- 
		List Handler for Business Cases Check
	-->

	<managed-bean> 
		<managed-bean-name>bcCheckListHandler</managed-bean-name> 
		<managed-bean-class>com.ibm.bpe.jsf.handler.BPCListHandler</managed-bean-class> 
		<managed-bean-scope>session</managed-bean-scope> 
	
		<managed-property> 
			<property-name>query</property-name> 
			<value>#{bcCheckQuery}</value> 
		</managed-property> 
		
		<managed-property> 
			<property-name>type</property-name> 
			<value>com.ibm.wbit.tel.client.jsf.bean.BCInstance</value> 
		</managed-property> 
		
		<managed-property>
			<property-name>itemListener</property-name>
			<list-entries>
				<value-class>com.ibm.bpe.jsf.handler.ItemListener</value-class>
				<value>#{BCInstanceDetails}</value>
				<value>#{bcDetailsHandler}</value>
			</list-entries>
		</managed-property>
	</managed-bean>
	
	<!-- 
		Query for List Business Cases Check
	-->
	
	<managed-bean>
		<managed-bean-name>bcCheckQuery</managed-bean-name> 
		<managed-bean-class>com.ibm.wbit.tel.client.jsf.query.BCCheckStateQuery</managed-bean-class> 
		<managed-bean-scope>session</managed-bean-scope>

		<managed-property>
			<property-name>selectClause</property-name>
			<value>DISTINCT PROCESS_INSTANCE.PIID, PROCESS_INSTANCE.NAME, PROCESS_INSTANCE.DESCRIPTION, PROCESS_INSTANCE.STATE, PROCESS_INSTANCE.STARTED, PROCESS_INSTANCE.COMPLETED, PROCESS_INSTANCE.STARTER, PROCESS_INSTANCE.TEMPLATE_NAME</value>
		</managed-property>

		<managed-property>
			<property-name>orderClause</property-name>
			<value>PROCESS_INSTANCE.NAME, PROCESS_INSTANCE.STATE</value>
		</managed-property>
		
		<managed-property>
			<property-name>threshold</property-name>
			<value>50</value>
		</managed-property>
				
		<managed-property>
			<property-name>connection</property-name>
			<value>#{bfmConnection}</value>
		</managed-property>
	</managed-bean>	

	
	<!-- 
		Managed bean for Business Case Details
	-->

		<managed-bean>
                <managed-bean-name>BCInstanceDetails</managed-bean-name>
                <managed-bean-class>com.ibm.bpe.jsf.handler.BPCDetailsHandler</managed-bean-class>
                <managed-bean-scope>session</managed-bean-scope>
                <managed-property>
                        <property-name>type</property-name>
                        <value>com.ibm.wbit.tel.client.jsf.bean.BCInstance</value>
                </managed-property>
        </managed-bean>

		<managed-bean>
                <managed-bean-name>bcDetailsHandler</managed-bean-name>
                <managed-bean-class>com.ibm.wbit.tel.client.jsf.handler.BCDetailsHandler</managed-bean-class>
                <managed-bean-scope>session</managed-bean-scope>

		 	<managed-property>
		 		<property-name>connection</property-name>
	 			<value>#{htmConnection}</value>
		 	</managed-property>
	 	
			<managed-property>
				<property-name>subviewMap</property-name>
				<map-entries> 				
				</map-entries> 
			</managed-property> 
        </managed-bean>

	<!-- 
	 		========================== Function Block ToDo's ===============================
	 -->

	<!-- 
			The list handler for open ToDos
	-->
	<managed-bean> 
		<managed-bean-name>toDosOpenListHandler</managed-bean-name> 
		<managed-bean-class>com.ibm.bpe.jsf.handler.BPCListHandler</managed-bean-class> 
		<managed-bean-scope>session</managed-bean-scope> 
	
		<managed-property> 
			<property-name>query</property-name> 
			<value>#{toDosOpenQuery}</value> 
		</managed-property> 
		
		<managed-property> 
			<property-name>type</property-name> 
			<value>com.ibm.wbit.tel.client.jsf.bean.ToDoInstance</value> 
		</managed-property> 
		
 		<managed-property>
			<property-name>itemListener</property-name>
			<list-entries>
				<value-class>com.ibm.bpe.jsf.handler.ItemListener</value-class>
				<value>#{toDoMessageHandler}</value>
			</list-entries>
		</managed-property>
	</managed-bean>

	<!-- 
			The query for open ToDos, see also managed bean: toDosWhereExtension
	 -->
	<managed-bean>
		<managed-bean-name>toDosOpenQuery</managed-bean-name> 
		<managed-bean-class>com.ibm.wbit.tel.client.jsf.query.ToDosOpenQuery</managed-bean-class> 
		<managed-bean-scope>session</managed-bean-scope>

		<managed-property>
			<property-name>selectClause</property-name>
			<value>DISTINCT TASK.TKIID, TASK.TKTID, TASK.NAME, TASK_TEMPL_DESC.DESCRIPTION, TASK.FIRST_ACTIVATED, TASK.ORIGINATOR</value>
		</managed-property>

		<managed-property>
			<property-name>whereClause</property-name>
			<value>TASK.KIND IN (TASK.KIND.KIND_PARTICIPATING, TASK.KIND.KIND_HUMAN) AND TASK.STATE = TASK.STATE.STATE_READY</value>
		</managed-property>
		
		<managed-property>
			<property-name>orderClause</property-name>
			<value>TASK.NAME, TASK.FIRST_ACTIVATED</value>
		</managed-property>
		
		<managed-property>
			<property-name>threshold</property-name>
			<value>50</value>
		</managed-property>
		
		<managed-property>
			<property-name>connection</property-name>
			<value>#{htmConnection}</value>
		</managed-property>
	</managed-bean>
	

	<!-- 
			The list handler for under work ToDos
	-->
	<managed-bean> 
		<managed-bean-name>toDosUnderWorkListHandler</managed-bean-name> 
		<managed-bean-class>com.ibm.bpe.jsf.handler.BPCListHandler</managed-bean-class> 
		<managed-bean-scope>session</managed-bean-scope> 
	
		<managed-property> 
			<property-name>query</property-name> 
			<value>#{toDosUnderWorkQuery}</value> 
		</managed-property> 
		
		<managed-property> 
			<property-name>type</property-name> 
			<value>com.ibm.wbit.tel.client.jsf.bean.ToDoInstance</value> 
		</managed-property> 
		
 		<managed-property>
			<property-name>itemListener</property-name>
			<list-entries>
				<value-class>com.ibm.bpe.jsf.handler.ItemListener</value-class>
				<value>#{toDoMessageHandler}</value>
			</list-entries>
		</managed-property>
	</managed-bean>

	<!-- 
			The query for under work ToDos, see also managed bean: toDosWhereExtension
	 -->
	<managed-bean>
		<managed-bean-name>toDosUnderWorkQuery</managed-bean-name> 
		<managed-bean-class>com.ibm.wbit.tel.client.jsf.query.ToDosUnderWorkQuery</managed-bean-class> 
		<managed-bean-scope>session</managed-bean-scope>

		<managed-property>
			<property-name>selectClause</property-name>
			<value>DISTINCT TASK.TKIID, TASK.TKTID, TASK.NAME, TASK_TEMPL_DESC.DESCRIPTION, TASK.FIRST_ACTIVATED, TASK.ORIGINATOR</value>
		</managed-property>

		<managed-property>
			<property-name>whereClause</property-name>
			<value>TASK.KIND IN (TASK.KIND.KIND_PARTICIPATING, TASK.KIND.KIND_HUMAN) AND TASK.STATE = TASK.STATE.STATE_CLAIMED</value>
		</managed-property>
		
		<managed-property>
			<property-name>orderClause</property-name>
			<value>TASK.NAME, TASK.FIRST_ACTIVATED</value>
		</managed-property>
		
		<managed-property>
			<property-name>threshold</property-name>
			<value>50</value>
		</managed-property>
		
		<managed-property>
			<property-name>connection</property-name>
			<value>#{htmConnection}</value>
		</managed-property>
	</managed-bean>
	
	<!--
		Where clause extension for open and under work ToDos
	-->
	<managed-bean>
		<managed-bean-name>toDosWhereExtension</managed-bean-name> 
		<managed-bean-class>com.ibm.wbit.tel.client.jsf.query.ToDosWhereExtension</managed-bean-class> 
		<managed-bean-scope>session</managed-bean-scope>

		<managed-property>
			<property-name>taskNames</property-name>
			<list-entries>
				<value-class>java.lang.String</value-class>	
				<value>approveApplication</value>				
			</list-entries>	
		</managed-property>
		
		<managed-property>
			<property-name>taskNamespaces</property-name>
			<list-entries>
				<value-class>java.lang.String</value-class>	
				<value>http://BFEQAccOrigination/Task1</value>				
			</list-entries>	
		</managed-property>
	</managed-bean>	
	
			
	<!-- 
			The list handler for sub ToDos
	-->
	<managed-bean> 
		<managed-bean-name>subToDosListHandler</managed-bean-name> 
		<managed-bean-class>com.ibm.bpe.jsf.handler.BPCListHandler</managed-bean-class> 
		<managed-bean-scope>session</managed-bean-scope> 
	
		<managed-property> 
			<property-name>query</property-name> 
			<value>#{subToDosQuery}</value> 
		</managed-property> 
		
		<managed-property> 
			<property-name>type</property-name> 
			<value>com.ibm.wbit.tel.client.jsf.bean.ToDoInstance</value> 
		</managed-property> 
		
 		<managed-property>
			<property-name>itemListener</property-name>
			<list-entries>
				<value-class>com.ibm.bpe.jsf.handler.ItemListener</value-class>
				<value>#{subToDoMessageHandler}</value>
			</list-entries>
		</managed-property>
	</managed-bean>

	<!-- 
			The query for sub ToDos, see also managed bean: subToDosWhereExtension
	 -->
	<managed-bean>
		<managed-bean-name>subToDosQuery</managed-bean-name> 
		<managed-bean-class>com.ibm.wbit.tel.client.jsf.query.SubToDosQuery</managed-bean-class> 
		<managed-bean-scope>session</managed-bean-scope>

		<managed-property>
			<property-name>selectClause</property-name>
			<value>DISTINCT TASK.TKIID, TASK.TKTID, TASK.PARENT_CONTEXT_ID, TASK.NAME, TASK_TEMPL_DESC.DESCRIPTION, TASK.FIRST_ACTIVATED, TASK.LAST_MODIFIED, TASK.LAST_STATE_CHANGE, TASK.STATE, TASK.ORIGINATOR</value>
		</managed-property>
		<managed-property>
		
		<property-name>whereClause</property-name>
			<value>TASK.KIND IN (TASK.KIND.KIND_ORIGINATING, TASK.KIND.KIND_HUMAN)</value>
		</managed-property>
		
		<managed-property>
			<property-name>orderClause</property-name>
			<value>TASK.NAME, TASK.FIRST_ACTIVATED</value>
		</managed-property>
		
		<managed-property>
			<property-name>threshold</property-name>
			<value>50</value>
		</managed-property>
		
		<managed-property>
			<property-name>connection</property-name>
			<value>#{htmConnection}</value>
		</managed-property>
	</managed-bean>
	
	
	<!--
		Where clause extension for sub ToDos
	-->
	<managed-bean>
		<managed-bean-name>subToDosWhereExtension</managed-bean-name> 
		<managed-bean-class>com.ibm.wbit.tel.client.jsf.query.ToDosWhereExtension</managed-bean-class> 
		<managed-bean-scope>session</managed-bean-scope>

		<managed-property>
			<property-name>taskNames</property-name>
			<list-entries>
				<value-class>java.lang.String</value-class>		
			</list-entries>	
		</managed-property>
		
		<managed-property>
			<property-name>taskNamespaces</property-name>
			<list-entries>
				<value-class>java.lang.String</value-class>		
			</list-entries>	
		</managed-property>
	</managed-bean>	
	

	<!-- 
		MessageHandler for open and under work to ToDos
	-->
	<managed-bean> 
		<managed-bean-name>toDoMessageHandler</managed-bean-name> 
		<managed-bean-class>com.ibm.wbit.tel.client.jsf.handler.ToDoMessageHandler</managed-bean-class> 
		<managed-bean-scope>session</managed-bean-scope> 
		<managed-property>
			<property-name>subviewMap</property-name>
			<map-entries> 			
				<map-entry>
					<key>{http://BFEQAccOrigination/IApproveAccApplicationTask}doApproveResponseMsgoutputJSF</key>
					<value>ToDo_out1_HumanTask</value>
				</map-entry>			
				<map-entry>
					<key>{http://BFEQAccOrigination/IApproveAccApplicationTask}doApproveRequestMsginputJSF</key>
					<value>ToDo_in1_HumanTask</value>
				</map-entry>				
			</map-entries> 
		</managed-property> 
		<managed-property>
			<property-name>subTaskTemplatesAvailable</property-name>
			<value>false</value>
		</managed-property>		
	</managed-bean>
	
	
	<!-- 
		MessageHandler for sub ToDos
	-->
	<managed-bean> 
		<managed-bean-name>subToDoMessageHandler</managed-bean-name> 
		<managed-bean-class>com.ibm.wbit.tel.client.jsf.handler.SubToDoMessageHandler</managed-bean-class> 
		<managed-bean-scope>session</managed-bean-scope> 
		<managed-property>
			<property-name>subviewMap</property-name>
			<map-entries> 				
			</map-entries> 
		</managed-property> 
	</managed-bean>
		
	<!-- 
			Helper class for Error Messages
	 -->
	<managed-bean>
		<managed-bean-name>BPCError</managed-bean-name> 
		<managed-bean-class>com.ibm.bpc.clientcore.util.ErrorBeanImpl</managed-bean-class> 
		<managed-bean-scope>session</managed-bean-scope>
	</managed-bean>

	
	<!-- 
	 		========================== The converters ===========================
	 -->
	 
	 <!-- 
	 		Register all converters you want to use in list or details handlers.
	 		Please refer to the JSF documentation for more details about converters.
	  -->
	 
	 <converter>
	   <converter-id>DoubleConverter</converter-id>
	   <converter-class>javax.faces.convert.DoubleConverter</converter-class>	 
	 </converter>
	 <converter>
	   <converter-id>IntegerConverter</converter-id>
	   <converter-class>javax.faces.convert.IntegerConverter</converter-class>	 
	 </converter>
	 <converter>
	   <converter-id>BigDecimalConverter</converter-id>
	   <converter-class>javax.faces.convert.BigDecimalConverter</converter-class>	 
	 </converter>	
	  <converter>
	   <converter-id>BigIntegerConverter</converter-id>
	   <converter-class>javax.faces.convert.BigIntegerConverter</converter-class>	 
	 </converter>	
	 <converter>
	   <converter-id>BooleanConverter</converter-id>
	   <converter-class>javax.faces.convert.BooleanConverter</converter-class>	 
	 </converter>	
	 <converter>
	   <converter-id>ByteConverter</converter-id>
	   <converter-class>javax.faces.convert.ByteConverter</converter-class>	 
	 </converter>	
	 <converter>
	   <converter-id>CharacterConverter</converter-id>
	   <converter-class>javax.faces.convert.CharacterConverter</converter-class>	 
	 </converter>	
	 <converter>
	   <converter-id>DateTimeConverter</converter-id>
	   <converter-class>javax.faces.convert.DateTimeConverter</converter-class>	 
	 </converter>	
	  <converter>
	   <converter-id>TimeConverter</converter-id>
	   <converter-class>com.ibm.wbit.tel.client.jsf.converter.TimeConverter</converter-class>	 
	 </converter>	
	 <converter>
	   <converter-id>FloatConverter</converter-id>
	   <converter-class>javax.faces.convert.FloatConverter</converter-class>	 
	 </converter>	
	 <converter>
	   <converter-id>LongConverter</converter-id>
	   <converter-class>javax.faces.convert.LongConverter</converter-class>	 
	 </converter>
	 <converter>
	   <converter-id>ShortConverter</converter-id>
	   <converter-class>javax.faces.convert.ShortConverter</converter-class>	 
	 </converter>		

	  
	 
	<!-- 
	 		========================== BFM & HTM Connections ===========================
 	 						(These objects are usually singletons. )
	 -->
	 
	 <!-- 
			BFM and HTM connection objects are used almost everywhere in the application.
			Therefore the sample application implements the Singleton pattern for the 
			bpc.samples.ServiceFactory. It uses the faces-config.xml file to configure 		
			a central service factory instead of providing connection properties in the 
			managed beans, e.g. in queries, handlers or beans.
	 -->	 
	 <managed-bean>
	 	<managed-bean-name>ServiceFactory</managed-bean-name>
	 	<managed-bean-class>com.ibm.wbit.tel.client.jsf.infrastructure.ServiceFactory</managed-bean-class>
	 	<managed-bean-scope>application</managed-bean-scope>
	 	
	 	<managed-property>
	 		<property-name>bfmConnection</property-name>
	 		<value>#{bfmConnection}</value>
	 	</managed-property>
	 	
	 	<managed-property>
	 		<property-name>htmConnection</property-name>
	 		<value>#{htmConnection}</value>
	 	</managed-property>
	 	
	 </managed-bean>
	<!-- 
			Represents the connection the BusinessFlowManagerService,
			usually rendered as an EJB API. Usually a singleton.
			
			* jndiName :
			Configure this property to refer to the BusinessFlowManagerService
			rendered through an EJB. Make sure to map the EJB reference to a 
			proper JNDI Name during deployment. Also see ibm-web-bnd.xmi.
	 -->	 
	<managed-bean>
		<managed-bean-name>bfmConnection</managed-bean-name>
		<managed-bean-class>com.ibm.bpe.clientmodel.BFMConnection</managed-bean-class>
		<managed-bean-scope>application</managed-bean-scope>
		<managed-property>
			<property-name>jndiName</property-name>
			<value>java:comp/env/ejb/LocalBusinessProcessHome</value>
		</managed-property>		
	</managed-bean>
	

	<!-- 
			Represents the connection the HumanTaskManagerService,
			usually rendered as an EJB API.
			
			* jndiName :
			Configure this property to refer to the HumanTaskManagerService
			rendered through an EJB. Make sure to map the EJB reference to a 
			proper JNDI Name during deployment. Also see ibm-web-bnd.xmi.
	 -->	 
	<managed-bean>
		<managed-bean-name>htmConnection</managed-bean-name>
		<managed-bean-class>com.ibm.task.clientmodel.HTMConnection</managed-bean-class>
		<managed-bean-scope>application</managed-bean-scope>
		<managed-property>
			<property-name>jndiName</property-name>
			<value>java:comp/env/ejb/LocalHumanTaskManagerEJB</value>
		</managed-property>		
	</managed-bean>


	<!-- 
			======================== Application Meta Info ==============================
	 -->
	<managed-bean> 
		<managed-bean-name>toDosClientTypes</managed-bean-name> 
		<managed-bean-class>java.util.HashMap</managed-bean-class> 
		<managed-bean-scope>application</managed-bean-scope> 
			<map-entries> 			
				<map-entry>
					<key>http://BFEQAccOrigination/Task1approveApplication</key>
					<value>JSF</value>
				</map-entry>				
			</map-entries> 
	</managed-bean>

	<managed-bean> 
		<managed-bean-name>toDosInEqualsOut</managed-bean-name> 
		<managed-bean-class>java.util.HashMap</managed-bean-class> 
		<managed-bean-scope>application</managed-bean-scope> 
			<map-entries> 				
			</map-entries> 
	</managed-bean>
	
	<managed-bean> 
		<managed-bean-name>toDosOutEqualsIn</managed-bean-name> 
		<managed-bean-class>java.util.HashMap</managed-bean-class> 
		<managed-bean-scope>application</managed-bean-scope> 
			<map-entries> 				
			</map-entries> 
	</managed-bean>
		
	<managed-bean> 
		<managed-bean-name>toDosMainInEqualsSubIn</managed-bean-name> 
		<managed-bean-class>java.util.HashMap</managed-bean-class> 
		<managed-bean-scope>application</managed-bean-scope> 
			<map-entries> 				
			</map-entries> 
	</managed-bean>
		
	<managed-bean> 
		<managed-bean-name>toDosSubOutEqualsMainOut</managed-bean-name> 
		<managed-bean-class>java.util.HashMap</managed-bean-class> 
		<managed-bean-scope>application</managed-bean-scope> 
			<map-entries> 				
			</map-entries> 
	</managed-bean>

	

	


	<!-- 
			======================== Information about current user ==============================
	 -->
	<managed-bean> 
		<managed-bean-name>userInfo</managed-bean-name> 
		<managed-bean-class>com.ibm.wbit.tel.client.jsf.infrastructure.UserInfo</managed-bean-class> 
		<managed-bean-scope>session</managed-bean-scope> 
	</managed-bean> 	

	
	<!-- 
			======================== Navigation rules ==============================
	 -->
	
	<navigation-rule>
		 	
		<navigation-case>
			<description>
				List of open ToDo's
			</description>
			<from-outcome>ToDosOpen</from-outcome>
			<to-view-id>/ToDosOpen.jsp</to-view-id>
		</navigation-case>		
		<navigation-case>
			<description>
				List of under work ToDo's
			</description>
			<from-outcome>ToDosUnderWork</from-outcome>
			<to-view-id>/ToDosUnderWork.jsp</to-view-id>
		</navigation-case>		
		<navigation-case>
			<description>
				Page with input message of a task to be claimed
			</description>
			<from-outcome>ToDoClaim</from-outcome>
			<to-view-id>/ToDoClaim.jsp</to-view-id>
		</navigation-case>		
		<navigation-case>
			<description>
				Page with input and output message of a task to completed
			</description>
			<from-outcome>ToDoComplete</from-outcome>
			<to-view-id>/ToDoComplete.jsp</to-view-id>
		</navigation-case>			
		
		<navigation-case>
			<description>
				The startup page with information. 
			</description>
			<from-outcome>Workplace</from-outcome>
			<to-view-id>/Workplace.jsp</to-view-id>
		</navigation-case>	
	
			
		<navigation-case>
			<from-outcome>Login</from-outcome>
			<to-view-id>/Login.jsp</to-view-id>
			<redirect/>
		</navigation-case>
		
		
		<navigation-case>
			<from-outcome>Logout</from-outcome>
			<to-view-id>/Logout.jsp</to-view-id>
			<redirect/>
		</navigation-case>	
		
		<navigation-case>
			<description>
				The generell error page. 
			</description>
			<from-outcome>error</from-outcome>
			<to-view-id>/Error.jsp</to-view-id>
		</navigation-case>			
		
	</navigation-rule>

</faces-config>