<?xml version="1.0" encoding="UTF-8"?>
<faceted-project>
  <runtime name="wps.v62"/>
  <fixed facet="jst.java"/>
  <fixed facet="jst.web"/>
  <installed facet="jst.java" version="5.0"/>
  <installed facet="jst.web" version="2.4"/>
  <installed facet="com.ibm.websphere.coexistence.web" version="6.1"/>
  <installed facet="com.ibm.websphere.extended.web" version="6.1"/>
  <installed facet="jst.jsf" version="1.1"/>
  <installed facet="web.jstl" version="1.1"/>
  <installed facet="jsf.base" version="7.0"/>
  <installed facet="jsf.ibm" version="7.0"/>
</faceted-project>
